id,first_name,last_name,email,gender,ip_address
1,Pansie,Strettell,pstrettell0@europa.eu,Female,106.152.239.248
2,Donnamarie,Spadelli,dspadelli1@nationalgeographic.com,Female,19.171.183.192
3,Franklin,Pauls,fpauls2@newyorker.com,Male,193.86.147.33
4,Hi,Grelka,hgrelka3@berkeley.edu,Male,220.161.247.78
5,Butch,Mulholland,bmulholland4@youtu.be,Male,252.90.224.174
6,Rachael,Edgerton,redgerton5@shinystat.com,Female,201.111.85.234
7,Aeriell,de Copeman,adecopeman6@webs.com,Female,201.25.28.142
8,Darnall,Blue,dblue7@csmonitor.com,Male,69.15.59.109
9,Cesare,Goldsbrough,cgoldsbrough8@harvard.edu,Male,9.111.99.10
10,Toiboid,Gwynne,tgwynne9@nsw.gov.au,Male,6.180.155.20
11,Clarette,Hansana,chansanaa@rambler.ru,Female,146.64.40.14
12,Bogart,Errey,berreyb@narod.ru,Male,251.118.47.181
13,Haslett,Crawley,hcrawleyc@bizjournals.com,Male,111.91.178.122
14,Ferrel,Philbin,fphilbind@w3.org,Male,109.6.161.125
15,Simeon,Janowski,sjanowskie@google.es,Male,95.86.202.150
16,Davis,Divis,ddivisf@google.nl,Male,218.76.73.11
17,Emelia,Tapscott,etapscottg@psu.edu,Female,204.195.12.24
18,Elroy,Rizon,erizonh@ca.gov,Male,85.202.23.54
19,Courtney,Watkin,cwatkini@drupal.org,Male,27.103.146.109
20,Henrietta,Voss,hvossj@multiply.com,Female,218.246.56.100
21,Dreddy,Botwood,dbotwoodk@tripadvisor.com,Female,198.16.10.128
22,Elle,Reeday,ereedayl@soup.io,Female,141.156.231.194
23,Renaud,Champneys,rchampneysm@spotify.com,Male,133.150.216.39
24,Katrinka,Core,kcoren@mlb.com,Female,47.232.32.17
25,Ringo,Rowan,rrowano@berkeley.edu,Male,111.198.41.89
26,Lindy,Jakubczyk,ljakubczykp@guardian.co.uk,Female,77.204.6.19
27,Daniella,Attwell,dattwellq@alexa.com,Female,69.19.123.50
28,Rafferty,Aust,raustr@imageshack.us,Male,165.41.220.238
29,Gilberto,Wattingham,gwattinghams@nymag.com,Male,169.42.242.182
30,Rouvin,Ahmed,rahmedt@chicagotribune.com,Male,241.47.93.238
31,Melisande,Binnie,mbinnieu@rakuten.co.jp,Female,6.229.32.29
32,Koral,Brack,kbrackv@state.tx.us,Female,186.123.162.75
33,Gerianna,Showler,gshowlerw@reference.com,Female,50.144.84.15
34,Nonah,Sarra,nsarrax@gravatar.com,Female,13.217.33.186
35,Jacky,Seiller,jseillery@theglobeandmail.com,Female,127.118.175.37
36,Kanya,Pitherick,kpitherickz@altervista.org,Female,15.230.208.36
37,Moe,Druery,mdruery10@washingtonpost.com,Male,203.26.31.194
38,Consuelo,Sandercock,csandercock11@cbsnews.com,Female,31.216.35.23
39,Marmaduke,Byrth,mbyrth12@sun.com,Male,106.240.38.28
40,Flem,Camelli,fcamelli13@wordpress.com,Male,243.78.55.141
41,Carol,Bliven,cbliven14@yelp.com,Female,83.171.254.130
42,Renate,Tuffell,rtuffell15@ask.com,Female,99.15.98.195
43,Emmey,Deme,edeme16@livejournal.com,Female,166.221.203.182
44,Allin,Ferreira,aferreira17@moonfruit.com,Male,252.42.189.127
45,Audra,Heathorn,aheathorn18@yahoo.com,Female,90.8.103.139
46,Rosemary,Larby,rlarby19@scientificamerican.com,Female,58.204.231.250
47,Kala,Womersley,kwomersley1a@blogspot.com,Female,221.200.237.243
48,Elizabet,Lyddyard,elyddyard1b@shutterfly.com,Female,61.166.119.144
49,Gilberto,Keave,gkeave1c@ow.ly,Male,192.253.58.247
50,Desirae,Maleney,dmaleney1d@mit.edu,Female,16.149.33.92
51,Rosalinda,Bisset,rbisset1e@technorati.com,Female,24.88.74.101
52,Karena,Garcia,kgarcia1f@yale.edu,Female,12.130.52.181
53,Gal,Le Ball,gleball1g@wunderground.com,Male,127.21.189.174
54,Laurice,Grayshan,lgrayshan1h@hatena.ne.jp,Female,209.115.135.131
55,Nealy,Blinkhorn,nblinkhorn1i@time.com,Male,210.19.158.243
56,Sara-ann,De Fraine,sdefraine1j@craigslist.org,Female,106.239.55.137
57,Nettle,Mallion,nmallion1k@xrea.com,Female,224.72.243.78
58,Gerhard,Melody,gmelody1l@github.io,Male,180.207.122.219
59,Antonio,Hawkeswood,ahawkeswood1m@fda.gov,Male,38.85.202.178
60,Belicia,Causon,bcauson1n@bing.com,Female,179.251.25.243
61,Wyn,Roubeix,wroubeix1o@github.com,Male,7.244.183.205
62,Leonora,Yersin,lyersin1p@surveymonkey.com,Female,186.236.91.158
63,Norina,Wrathmall,nwrathmall1q@histats.com,Female,46.191.208.111
64,Kimberlyn,Poleykett,kpoleykett1r@myspace.com,Female,111.64.146.63
65,Charlie,Clarage,cclarage1s@sciencedaily.com,Male,56.39.98.47
66,Tessa,Jeanenet,tjeanenet1t@foxnews.com,Female,187.205.241.198
67,Elisha,Starbeck,estarbeck1u@usa.gov,Male,253.175.149.28
68,Adela,Pinnere,apinnere1v@hexun.com,Female,70.104.71.3
69,Arther,Pickard,apickard1w@umn.edu,Male,143.118.7.222
70,Feodor,Mishow,fmishow1x@xing.com,Male,31.94.224.242
71,Dot,Wolfit,dwolfit1y@slate.com,Female,99.4.207.15
72,Blondy,Balsellie,bbalsellie1z@soundcloud.com,Female,180.74.229.151
73,Sophia,Drews,sdrews20@mozilla.com,Female,147.64.76.23
74,Aila,MacRanald,amacranald21@smugmug.com,Female,51.89.247.132
75,Raimund,Pomphrey,rpomphrey22@bravesites.com,Male,19.39.54.32
76,Jessee,Beert,jbeert23@fda.gov,Male,143.190.81.229
77,Miguela,Scoular,mscoular24@ow.ly,Female,128.105.248.42
78,Pavlov,MacMeekan,pmacmeekan25@addtoany.com,Male,115.164.175.151
79,Neilla,Biaggelli,nbiaggelli26@instagram.com,Female,160.15.5.106
80,Rabbi,Babidge,rbabidge27@a8.net,Male,37.228.208.98
81,Bondon,Magee,bmagee28@bloomberg.com,Male,223.65.122.206
82,Darrelle,Baugham,dbaugham29@nbcnews.com,Female,204.195.209.157
83,Prince,Bernli,pbernli2a@yellowbook.com,Male,137.37.88.227
84,Dona,Laurie,dlaurie2b@tripod.com,Female,164.27.131.165
85,Carina,Elcock,celcock2c@chron.com,Female,122.148.106.126
86,Amata,McGaw,amcgaw2d@e-recht24.de,Female,137.130.254.132
87,Hillier,Rowett,hrowett2e@miitbeian.gov.cn,Male,46.74.45.29
88,Vannie,Jumont,vjumont2f@virginia.edu,Female,206.8.81.157
89,Darwin,Castelot,dcastelot2g@goodreads.com,Male,214.144.93.249
90,Hildagarde,Wein,hwein2h@umn.edu,Female,112.206.142.4
91,Katharyn,Tatham,ktatham2i@51.la,Female,88.203.147.145
92,Gabriel,Moodycliffe,gmoodycliffe2j@webs.com,Female,112.117.232.199
93,Marlane,Jeynes,mjeynes2k@prnewswire.com,Female,87.107.138.225
94,Lyman,Hampstead,lhampstead2l@wsj.com,Male,109.190.190.38
95,Maddie,Runsey,mrunsey2m@mozilla.com,Male,223.118.32.65
96,Dunstan,Triner,dtriner2n@ibm.com,Male,11.124.145.21
97,Meredithe,Keene,mkeene2o@skype.com,Female,116.222.130.208
98,Maris,Trunks,mtrunks2p@msn.com,Female,194.207.243.27
99,Duffie,Cuschieri,dcuschieri2q@businesswire.com,Male,213.3.246.238
100,Odetta,Melly,omelly2r@mozilla.com,Female,98.26.119.174
101,Derek,Burtenshaw,dburtenshaw2s@who.int,Male,117.74.222.19
102,Abbi,Lyddy,alyddy2t@icio.us,Female,91.191.253.191
103,Kissiah,Toffaloni,ktoffaloni2u@nps.gov,Female,66.2.241.62
104,Clemence,Varley,cvarley2v@usda.gov,Female,209.181.231.121
105,Phylys,Whisker,pwhisker2w@dion.ne.jp,Female,140.251.26.252
106,Maureene,Boller,mboller2x@sfgate.com,Female,8.254.218.244
107,Rancell,Casacchia,rcasacchia2y@homestead.com,Male,118.185.211.32
108,Hamnet,Cicetti,hcicetti2z@github.com,Male,221.151.13.205
109,Dora,Langtree,dlangtree30@buzzfeed.com,Female,245.132.250.146
110,Donna,Broodes,dbroodes31@delicious.com,Female,9.250.242.90
111,Melitta,Chalke,mchalke32@shinystat.com,Female,211.118.86.104
112,Francklin,Pomfret,fpomfret33@rediff.com,Male,137.212.209.245
113,Norrie,Pluvier,npluvier34@alexa.com,Female,62.140.182.64
114,Riordan,Alflatt,ralflatt35@imdb.com,Male,50.143.146.27
115,Cami,McKeaveney,cmckeaveney36@rakuten.co.jp,Female,243.129.29.156
116,Birdie,Gaw,bgaw37@cnbc.com,Female,17.30.32.183
117,Hinda,Soper,hsoper38@guardian.co.uk,Female,225.244.93.192
118,Jesse,Oliphand,joliphand39@dmoz.org,Male,60.22.95.124
119,Carlo,Ulyat,culyat3a@gizmodo.com,Male,42.200.242.74
120,Aviva,Gillyatt,agillyatt3b@vinaora.com,Female,34.112.136.71
121,Wadsworth,Shawl,wshawl3c@indiegogo.com,Male,154.86.196.187
122,Stanley,Mac Geaney,smacgeaney3d@weather.com,Male,119.135.11.96
123,Timothee,Pruce,tpruce3e@nba.com,Male,89.46.6.109
124,Raleigh,Jowling,rjowling3f@people.com.cn,Male,184.39.253.221
125,Jackson,Voce,jvoce3g@gizmodo.com,Male,120.10.29.228
126,Penny,Baldacchino,pbaldacchino3h@domainmarket.com,Male,75.100.97.154
127,Trent,Armatage,tarmatage3i@mtv.com,Male,88.51.219.112
128,Denni,Hovell,dhovell3j@psu.edu,Female,56.33.230.41
129,Maegan,Claxson,mclaxson3k@twitter.com,Female,73.134.224.185
130,Kelcie,Mesnard,kmesnard3l@mit.edu,Female,185.180.103.166
131,Betteann,Edwick,bedwick3m@tamu.edu,Female,102.67.51.148
132,Merrili,Aubert,maubert3n@goodreads.com,Female,165.62.186.143
133,Frannie,Minget,fminget3o@paypal.com,Female,173.107.43.124
134,Aindrea,Saulter,asaulter3p@vimeo.com,Female,219.125.138.200
135,Gloriana,Dukes,gdukes3q@senate.gov,Female,182.36.159.59
136,Phip,Humbie,phumbie3r@usa.gov,Male,132.215.58.89
137,Lonny,de Juares,ldejuares3s@ehow.com,Male,251.40.141.244
138,Adelaida,Cadney,acadney3t@cargocollective.com,Female,152.221.173.172
139,Koenraad,Follen,kfollen3u@discovery.com,Male,74.109.93.76
140,Winifield,Swainsbury,wswainsbury3v@cnet.com,Male,159.85.134.219
141,Kelcey,McAlpine,kmcalpine3w@imdb.com,Female,200.127.220.72
142,Mauricio,Prew,mprew3x@so-net.ne.jp,Male,224.196.77.203
143,Clayborn,Hellis,chellis3y@csmonitor.com,Male,81.185.16.197
144,Eugen,Altree,ealtree3z@epa.gov,Male,21.215.229.250
145,Flin,Haughin,fhaughin40@answers.com,Male,105.157.172.217
146,Jacquelynn,Miner,jminer41@ucsd.edu,Female,91.38.212.251
147,Dory,Harkins,dharkins42@hubpages.com,Female,159.189.131.85
148,Erv,Bendix,ebendix43@histats.com,Male,125.161.206.103
149,Randi,Desesquelle,rdesesquelle44@sciencedirect.com,Male,204.47.230.152
150,Maryanne,Kitchingman,mkitchingman45@deviantart.com,Female,231.215.219.167
151,Shelly,Mance,smance46@earthlink.net,Female,61.80.237.137
152,Estelle,Pringell,epringell47@privacy.gov.au,Female,32.76.113.158
153,Corina,Kinnerley,ckinnerley48@yahoo.com,Female,123.211.103.12
154,Lucias,Jannasch,ljannasch49@ucoz.com,Male,213.66.70.244
155,Francyne,Fleischer,ffleischer4a@bbb.org,Female,160.48.217.114
156,Vanda,Innis,vinnis4b@deliciousdays.com,Female,108.227.240.120
157,Brandais,Whittet,bwhittet4c@baidu.com,Female,64.126.57.245
158,Pierette,Hugli,phugli4d@rediff.com,Female,32.113.34.155
159,Rachel,Stockill,rstockill4e@mit.edu,Female,171.134.96.89
160,Raynell,Tolwood,rtolwood4f@hexun.com,Female,85.143.100.104
161,Felix,Paeckmeyer,fpaeckmeyer4g@imgur.com,Male,178.253.192.132
162,Rozalin,Hallett,rhallett4h@examiner.com,Female,126.113.94.27
163,Bartlet,Glynne,bglynne4i@liveinternet.ru,Male,175.52.107.150
164,Germain,Heal,gheal4j@eventbrite.com,Male,213.90.5.141
165,Lilyan,Skamal,lskamal4k@huffingtonpost.com,Female,181.82.1.147
166,Shelby,O'Loughane,soloughane4l@mozilla.org,Male,220.29.239.60
167,Christabella,Croneen,ccroneen4m@canalblog.com,Female,148.165.8.78
168,Dall,Barnwell,dbarnwell4n@marketwatch.com,Male,179.172.94.37
169,Tricia,Goosnell,tgoosnell4o@psu.edu,Female,139.60.29.230
170,Dev,Crummie,dcrummie4p@fda.gov,Male,45.177.201.147
171,Melisa,Grigson,mgrigson4q@sogou.com,Female,40.35.120.44
172,Hoyt,Richfield,hrichfield4r@opensource.org,Male,77.187.209.229
173,Whitney,Teideman,wteideman4s@flavors.me,Female,9.69.61.68
174,Vilhelmina,Mabb,vmabb4t@e-recht24.de,Female,199.10.24.252
175,Martynne,Dewbury,mdewbury4u@addtoany.com,Female,211.231.45.195
176,Antonin,Swansborough,aswansborough4v@hibu.com,Male,197.150.114.234
177,Farra,Ellesworthe,fellesworthe4w@merriam-webster.com,Female,100.134.28.76
178,Samson,Bussons,sbussons4x@shareasale.com,Male,250.176.77.88
179,Carola,Louiset,clouiset4y@paypal.com,Female,148.116.45.162
180,Jackie,Kulic,jkulic4z@tuttocitta.it,Female,67.152.226.119
181,Chicky,Batrick,cbatrick50@slideshare.net,Male,142.176.145.152
182,Dody,Slane,dslane51@tripadvisor.com,Female,118.227.239.79
183,Rand,Sebastian,rsebastian52@buzzfeed.com,Male,39.203.6.253
184,Bettye,Kryska,bkryska53@berkeley.edu,Female,32.29.10.183
185,Kellen,Kamiyama,kkamiyama54@economist.com,Female,31.134.42.71
186,Floria,Imos,fimos55@weibo.com,Female,5.92.184.253
187,Grover,Muxworthy,gmuxworthy56@mtv.com,Male,243.61.59.132
188,Prentiss,Segar,psegar57@illinois.edu,Male,144.94.136.187
189,Mandy,Trahear,mtrahear58@xinhuanet.com,Female,191.25.163.55
190,Krisha,Procter,kprocter59@wordpress.com,Male,203.64.143.240
191,Theresita,Holtham,tholtham5a@wikimedia.org,Female,191.125.88.71
192,Anthiathia,Lassetter,alassetter5b@chronoengine.com,Female,40.160.195.6
193,Sam,Oliver,soliver5c@sun.com,Female,44.46.79.69
194,Jany,Rowntree,jrowntree5d@usa.gov,Female,26.63.30.220
195,Dionisio,Monkeman,dmonkeman5e@studiopress.com,Male,190.174.191.118
196,Gael,Vanyarkin,gvanyarkin5f@census.gov,Female,206.144.214.51
197,Eveline,Jolliffe,ejolliffe5g@reverbnation.com,Female,72.56.81.112
198,Emmalynn,Advani,eadvani5h@spiegel.de,Female,12.224.128.167
199,Karlis,Geibel,kgeibel5i@who.int,Male,54.245.225.19
200,Thaddus,Stout,tstout5j@goodreads.com,Male,15.188.38.209
201,Anselma,Hendrickson,ahendrickson5k@time.com,Female,207.101.116.129
202,Dinnie,Asplen,dasplen5l@state.gov,Female,173.37.42.48
203,Gunther,Slogrove,gslogrove5m@digg.com,Male,185.64.215.218
204,Ode,Burgon,oburgon5n@cnbc.com,Male,66.53.245.230
205,Ingrim,Sancraft,isancraft5o@123-reg.co.uk,Male,34.32.175.144
206,Portie,Brislane,pbrislane5p@google.com,Male,137.216.213.102
207,Kari,Niess,kniess5q@sciencedaily.com,Female,227.178.26.101
208,Gallard,Leifer,gleifer5r@behance.net,Male,206.200.122.176
209,Pris,Saphir,psaphir5s@cnn.com,Female,136.169.207.218
210,Garold,Lettuce,glettuce5t@gov.uk,Male,71.153.124.21
211,Kev,Ettels,kettels5u@redcross.org,Male,21.224.28.194
212,Leicester,Borsnall,lborsnall5v@constantcontact.com,Male,216.237.181.246
213,Nigel,Slinger,nslinger5w@dagondesign.com,Male,176.98.218.3
214,Jacklyn,Sloy,jsloy5x@cocolog-nifty.com,Female,138.247.2.175
215,Christye,Georgeou,cgeorgeou5y@hibu.com,Female,188.30.18.158
216,Gillan,Pinney,gpinney5z@usnews.com,Female,185.211.24.209
217,Tobit,Dufoure,tdufoure60@photobucket.com,Male,133.32.145.198
218,Vaughan,Elldred,velldred61@dell.com,Male,202.139.96.63
219,Wells,Jon,wjon62@noaa.gov,Male,236.58.132.43
220,Retha,Pitchers,rpitchers63@ed.gov,Female,140.158.81.248
221,Yuri,Nisby,ynisby64@sciencedirect.com,Male,212.215.242.195
222,Rosina,Whittingham,rwhittingham65@typepad.com,Female,141.202.100.123
223,Dredi,Overlow,doverlow66@globo.com,Female,122.210.98.56
224,Weber,Kneeland,wkneeland67@addthis.com,Male,221.48.35.151
225,Mariska,Woolcocks,mwoolcocks68@amazon.de,Female,52.120.179.51
226,Jodi,Lidgey,jlidgey69@nps.gov,Male,78.102.250.150
227,Marilyn,Precious,mprecious6a@nbcnews.com,Female,42.143.162.136
228,Dwain,Adkin,dadkin6b@alexa.com,Male,168.157.36.214
229,Licha,Crysell,lcrysell6c@hhs.gov,Female,210.228.232.126
230,Lorri,Lugden,llugden6d@usda.gov,Female,22.45.186.64
231,Corene,Auletta,cauletta6e@photobucket.com,Female,255.80.190.73
232,Page,Alexandre,palexandre6f@unc.edu,Female,231.125.57.198
233,Ann,Fausset,afausset6g@tiny.cc,Female,53.215.106.113
234,Rufe,Ilieve,rilieve6h@accuweather.com,Male,67.166.20.18
235,Paige,Fandrey,pfandrey6i@diigo.com,Female,128.189.82.17
236,Ardine,Batchelar,abatchelar6j@cmu.edu,Female,162.37.103.138
237,Shurlock,Olyet,solyet6k@etsy.com,Male,156.218.89.137
238,Kathleen,Hairon,khairon6l@netvibes.com,Female,82.30.52.172
239,Arvin,McClenaghan,amcclenaghan6m@ifeng.com,Male,59.83.188.138
240,Evelin,Rushford,erushford6n@mozilla.com,Male,127.130.187.2
241,Robby,Towers,rtowers6o@mit.edu,Male,12.9.117.213
242,Delcine,Took,dtook6p@symantec.com,Female,204.220.133.126
243,Ellswerth,Keegan,ekeegan6q@w3.org,Male,180.31.67.210
244,Amity,Boarder,aboarder6r@mozilla.org,Female,201.1.21.193
245,Josephine,Constant,jconstant6s@nbcnews.com,Female,152.167.38.35
246,Patton,Trenear,ptrenear6t@technorati.com,Male,147.23.126.231
247,Sabine,Diano,sdiano6u@gov.uk,Female,55.58.173.89
248,Hedwiga,Rudd,hrudd6v@bravesites.com,Female,163.63.236.123
249,Mahala,Garred,mgarred6w@digg.com,Female,155.66.45.128
250,Ambur,Dillingston,adillingston6x@trellian.com,Female,127.123.154.43
251,Tiffie,Austins,taustins6y@trellian.com,Female,46.54.172.137
252,Janna,McGuffog,jmcguffog6z@dyndns.org,Female,78.31.210.167
253,Kania,Tym,ktym70@unicef.org,Female,184.54.144.99
254,Melessa,Dei,mdei71@diigo.com,Female,100.75.1.12
255,Kellina,Beddoe,kbeddoe72@youtube.com,Female,162.174.157.131
256,Molly,Kelberman,mkelberman73@mediafire.com,Female,131.179.150.155
257,Lemmie,Bampkin,lbampkin74@cafepress.com,Male,174.221.203.186
258,Lenci,Gooden,lgooden75@yellowpages.com,Male,21.17.167.226
259,Temple,Oscroft,toscroft76@redcross.org,Male,32.17.202.102
260,Hale,Simkovich,hsimkovich77@creativecommons.org,Male,204.35.141.125
261,Marijo,Delleschi,mdelleschi78@bigcartel.com,Female,229.2.38.110
262,Glenn,Cheek,gcheek79@google.com.au,Female,141.236.223.25
263,Farra,Varrow,fvarrow7a@mayoclinic.com,Female,220.59.124.204
264,Mildred,Murfett,mmurfett7b@rediff.com,Female,146.53.200.97
265,Savina,Schwandermann,sschwandermann7c@shutterfly.com,Female,39.66.239.214
266,Aggi,Skingley,askingley7d@zimbio.com,Female,43.194.217.57
267,Riki,Ianittello,rianittello7e@live.com,Female,37.217.53.78
268,Trista,Blackster,tblackster7f@bigcartel.com,Female,214.150.43.8
269,Jerry,Remon,jremon7g@nature.com,Female,190.91.82.160
270,Agneta,Spours,aspours7h@washington.edu,Female,217.8.187.250
271,Cecilio,Rapin,crapin7i@theglobeandmail.com,Male,24.243.130.233
272,Galina,Cordingly,gcordingly7j@google.fr,Female,130.212.99.234
273,Wendie,Leates,wleates7k@gnu.org,Female,120.126.80.189
274,Tod,Marishenko,tmarishenko7l@naver.com,Male,250.239.10.120
275,Louis,Carlett,lcarlett7m@wiley.com,Male,155.128.148.232
276,Lil,Daton,ldaton7n@prnewswire.com,Female,13.241.112.89
277,Albrecht,Ragbourn,aragbourn7o@dion.ne.jp,Male,122.84.143.112
278,Kasey,Whitwell,kwhitwell7p@free.fr,Female,135.51.135.205
279,Hayyim,Eglington,heglington7q@buzzfeed.com,Male,110.95.73.32
280,Dasi,O'Sirin,dosirin7r@ft.com,Female,29.117.9.50
281,Hewitt,Heel,hheel7s@soundcloud.com,Male,207.58.56.60
282,Rickey,Latek,rlatek7t@wsj.com,Male,222.156.117.214
283,Essa,Briggs,ebriggs7u@shutterfly.com,Female,76.176.97.152
284,Lek,Pringell,lpringell7v@bloglines.com,Male,101.114.166.195
285,Abelard,Albiston,aalbiston7w@about.me,Male,20.129.121.172
286,Teresina,Pardon,tpardon7x@wsj.com,Female,174.127.24.167
287,Brennan,Sherrock,bsherrock7y@chronoengine.com,Male,143.192.12.131
288,Morgun,Adel,madel7z@com.com,Male,18.86.241.80
289,Brittaney,Laurence,blaurence80@amazonaws.com,Female,48.146.122.124
290,Elly,Spacey,espacey81@creativecommons.org,Female,141.114.45.54
291,Harlie,Pinke,hpinke82@shareasale.com,Female,81.170.74.171
292,Jeanne,Walby,jwalby83@telegraph.co.uk,Female,191.233.20.22
293,Iris,Weatherup,iweatherup84@t-online.de,Female,210.72.103.165
294,Weidar,Ewbanck,wewbanck85@dot.gov,Male,87.222.20.135
295,Danni,Linfoot,dlinfoot86@yelp.com,Female,203.153.11.201
296,Vickie,Brownlie,vbrownlie87@nasa.gov,Female,59.219.46.176
297,Sylvia,Drees,sdrees88@google.co.jp,Female,213.74.215.28
298,Alvera,Bisp,abisp89@usatoday.com,Female,151.168.3.250
299,Tracey,Sowle,tsowle8a@godaddy.com,Male,162.98.33.179
300,Elsey,Belson,ebelson8b@loc.gov,Female,105.224.93.49
301,Nanine,Rubinchik,nrubinchik8c@studiopress.com,Female,169.108.103.99
302,Temple,Danniel,tdanniel8d@buzzfeed.com,Male,130.109.126.160
303,Karin,Borgars,kborgars8e@seesaa.net,Female,220.12.199.124
304,Ambrose,Werndley,awerndley8f@go.com,Male,160.174.145.57
305,Zebadiah,Brockelsby,zbrockelsby8g@example.com,Male,233.40.245.193
306,Anselma,Snelson,asnelson8h@webmd.com,Female,126.56.35.68
307,Cosette,Callender,ccallender8i@blinklist.com,Female,9.165.116.253
308,Toiboid,Collelton,tcollelton8j@webeden.co.uk,Male,91.119.32.123
309,Dulcea,Quiddinton,dquiddinton8k@npr.org,Female,127.148.89.155
310,Ann,Cogley,acogley8l@biglobe.ne.jp,Female,35.249.75.26
311,Jocelyne,Horrigan,jhorrigan8m@flickr.com,Female,4.21.234.95
312,Prince,Fewings,pfewings8n@aol.com,Male,178.152.2.235
313,Tally,Wederell,twederell8o@who.int,Female,73.73.186.77
314,Riki,Kimbley,rkimbley8p@gizmodo.com,Female,149.153.18.52
315,Olympie,Leathwood,oleathwood8q@patch.com,Female,234.168.228.168
316,Liva,Puckring,lpuckring8r@usa.gov,Female,115.62.250.107
317,Mignonne,Laverock,mlaverock8s@huffingtonpost.com,Female,164.253.225.44
318,Claudelle,Barcroft,cbarcroft8t@epa.gov,Female,171.193.100.54
319,Cory,Ecclesall,cecclesall8u@princeton.edu,Male,95.67.191.131
320,Orran,Seiler,oseiler8v@google.es,Male,59.229.166.154
321,Judas,Mariolle,jmariolle8w@vistaprint.com,Male,41.42.122.50
322,Juditha,Stobbie,jstobbie8x@angelfire.com,Female,159.189.250.212
323,Noell,Attock,nattock8y@boston.com,Female,230.125.56.137
324,Jo-ann,Bispham,jbispham8z@addthis.com,Female,14.237.186.77
325,Arabel,Adrienne,aadrienne90@examiner.com,Female,41.167.190.33
326,Powell,McIlvaney,pmcilvaney91@behance.net,Male,42.79.173.248
327,Amber,MacTrustey,amactrustey92@mapy.cz,Female,251.11.130.148
328,Ward,Lassetter,wlassetter93@wikimedia.org,Male,146.147.32.35
329,Joeann,Eminson,jeminson94@yahoo.co.jp,Female,173.59.45.157
330,Bram,Digger,bdigger95@ucla.edu,Male,18.114.228.156
331,Ronny,Radbone,rradbone96@wiley.com,Female,48.18.210.3
332,Baxie,Kettlesing,bkettlesing97@mysql.com,Male,130.8.175.37
333,Annabela,Bugs,abugs98@deviantart.com,Female,186.242.36.171
334,Jo,Verity,jverity99@typepad.com,Female,122.32.109.75
335,Kellen,Mulqueen,kmulqueen9a@twitpic.com,Male,17.117.36.45
336,Hazel,Hughesdon,hhughesdon9b@craigslist.org,Female,173.163.27.162
337,Jarrid,Blanche,jblanche9c@msn.com,Male,74.101.119.122
338,Shelley,Tollow,stollow9d@npr.org,Female,78.9.98.12
339,Elberta,Birrell,ebirrell9e@plala.or.jp,Female,4.117.119.94
340,Dulcie,Doore,ddoore9f@state.gov,Female,110.70.57.31
341,Joly,Lanfere,jlanfere9g@narod.ru,Female,146.228.183.91
342,Gale,Bolt,gbolt9h@merriam-webster.com,Female,145.212.36.165
343,Dannel,Veighey,dveighey9i@alexa.com,Male,13.209.5.78
344,Hillary,Flewan,hflewan9j@noaa.gov,Female,179.197.246.165
345,Wald,Duffit,wduffit9k@npr.org,Male,234.145.253.164
346,Allegra,Carswell,acarswell9l@ebay.co.uk,Female,52.91.93.93
347,Missie,Almond,malmond9m@nyu.edu,Female,166.121.56.82
348,Derron,MacAvaddy,dmacavaddy9n@hp.com,Male,7.47.85.231
349,Kristy,Arger,karger9o@weather.com,Female,250.126.106.12
350,Alikee,Liley,aliley9p@columbia.edu,Female,87.219.16.233
351,Ingra,Rodenburgh,irodenburgh9q@cyberchimps.com,Male,131.67.213.56
352,Raquela,Brane,rbrane9r@simplemachines.org,Female,228.34.163.182
353,Basil,Tunny,btunny9s@123-reg.co.uk,Male,44.74.247.92
354,Isidore,Dockrey,idockrey9t@themeforest.net,Male,244.30.140.235
355,Valera,Klyner,vklyner9u@jugem.jp,Female,150.226.87.185
356,Lyn,Woofendell,lwoofendell9v@forbes.com,Male,6.168.216.156
357,Hermione,Youthead,hyouthead9w@ox.ac.uk,Female,222.195.200.208
358,Bill,Dillingham,bdillingham9x@moonfruit.com,Male,184.81.159.13
359,Pete,Milsap,pmilsap9y@dailymail.co.uk,Male,221.208.152.229
360,Linoel,Chapier,lchapier9z@slideshare.net,Male,230.183.191.138
361,Sonja,Gilvary,sgilvarya0@i2i.jp,Female,87.180.155.11
362,Kristin,Conew,kconewa1@mtv.com,Female,73.143.41.183
363,Georgina,Ridges,gridgesa2@phpbb.com,Female,70.62.14.68
364,Gerta,Feasby,gfeasbya3@ifeng.com,Female,72.195.93.101
365,Melody,Ianilli,mianillia4@i2i.jp,Female,168.98.234.76
366,Birgit,Perot,bperota5@altervista.org,Female,206.236.182.65
367,Lothario,Scott,lscotta6@nps.gov,Male,76.95.5.252
368,Trudy,Doul,tdoula7@macromedia.com,Female,94.146.45.157
369,Orsa,Pashby,opashbya8@wordpress.org,Female,75.50.123.115
370,Theresita,Paffett,tpaffetta9@bravesites.com,Female,0.170.68.19
371,Cazzie,Codron,ccodronaa@histats.com,Male,225.30.21.183
372,Stefan,Embleton,sembletonab@desdev.cn,Male,117.164.45.205
373,Lutero,Eary,learyac@answers.com,Male,187.9.239.247
374,Janeva,Couling,jcoulingad@omniture.com,Female,137.198.177.167
375,Elia,Yashaev,eyashaevae@virginia.edu,Male,163.34.139.239
376,Michail,Boggs,mboggsaf@eepurl.com,Male,104.185.198.114
377,Anatol,Mustoe,amustoeag@dell.com,Male,119.181.240.178
378,Jemmy,Froom,jfroomah@weebly.com,Female,20.220.246.243
379,Salvidor,Cahalin,scahalinai@dailymotion.com,Male,230.3.89.27
380,Dwight,Hamsher,dhamsheraj@51.la,Male,205.141.192.60
381,Claudian,Urien,curienak@people.com.cn,Male,190.108.58.238
382,Dynah,Blackmore,dblackmoreal@mapy.cz,Female,90.70.50.230
383,Syman,Claworth,sclawortham@addthis.com,Male,191.54.156.53
384,Nikolaos,Truder,ntruderan@chronoengine.com,Male,101.19.88.32
385,Josie,Calbaithe,jcalbaitheao@house.gov,Female,8.66.70.226
386,Launce,Lage,llageap@gizmodo.com,Male,158.200.43.155
387,Maryrose,Burless,mburlessaq@nhs.uk,Female,70.119.185.117
388,Berty,Collacombe,bcollacombear@ifeng.com,Male,17.43.93.153
389,Liva,Jude,ljudeas@gnu.org,Female,216.105.41.38
390,Anallise,Cowill,acowillat@php.net,Female,103.240.106.244
391,Aaron,Rackley,arackleyau@cam.ac.uk,Male,106.209.95.131
392,Wendeline,Keyworth,wkeyworthav@elegantthemes.com,Female,122.168.35.247
393,Roseann,Schoular,rschoularaw@admin.ch,Female,110.104.176.121
394,Garv,Sellner,gsellnerax@friendfeed.com,Male,214.137.216.229
395,Kris,Birmingham,kbirminghamay@mozilla.org,Male,9.225.132.210
396,Bryant,Cobleigh,bcobleighaz@goodreads.com,Male,240.158.31.42
397,Lester,Elvy,lelvyb0@ycombinator.com,Male,89.36.56.147
398,Sigfrid,Atlee,satleeb1@dagondesign.com,Male,177.117.146.63
399,Sybil,Blanko,sblankob2@bbc.co.uk,Female,159.30.159.133
400,Brenden,Cars,bcarsb3@liveinternet.ru,Male,94.9.17.27
401,Mylo,Beane,mbeaneb4@ft.com,Male,95.108.99.100
402,Nadean,Sopper,nsopperb5@reference.com,Female,181.140.195.244
403,Spike,Schall,sschallb6@github.io,Male,224.135.121.196
404,Karolina,Clunan,kclunanb7@wikispaces.com,Female,167.229.42.45
405,Antonie,Bake,abakeb8@sbwire.com,Female,128.176.233.100
406,Archer,Wison,awisonb9@sfgate.com,Male,135.13.29.252
407,Wain,Pepall,wpepallba@angelfire.com,Male,102.231.36.180
408,Sascha,Livesey,sliveseybb@ifeng.com,Male,7.132.8.63
409,Janaye,Snalham,jsnalhambc@tiny.cc,Female,167.158.234.113
410,Kenton,Levins,klevinsbd@tripadvisor.com,Male,151.251.12.24
411,Nyssa,Snoxell,nsnoxellbe@economist.com,Female,218.4.14.223
412,Warren,Giacobelli,wgiacobellibf@apache.org,Male,241.180.121.10
413,Marietta,Louden,mloudenbg@nyu.edu,Female,201.4.94.11
414,Fowler,Columbine,fcolumbinebh@privacy.gov.au,Male,172.187.2.199
415,Gavin,Oliff,goliffbi@hostgator.com,Male,46.161.176.62
416,Madeleine,Reinert,mreinertbj@smugmug.com,Female,237.135.170.126
417,Jeannine,Toulson,jtoulsonbk@rediff.com,Female,154.7.234.126
418,Ingaberg,Mancer,imancerbl@xinhuanet.com,Female,68.182.220.227
419,Emery,Rieflin,erieflinbm@purevolume.com,Male,201.111.110.121
420,Jilli,Syson,jsysonbn@washingtonpost.com,Female,201.244.138.21
421,Thurston,Korejs,tkorejsbo@harvard.edu,Male,60.63.89.103
422,Redd,Schiementz,rschiementzbp@paypal.com,Male,215.174.22.20
423,Ulla,Axell,uaxellbq@noaa.gov,Female,130.90.194.87
424,Kaspar,Schober,kschoberbr@sun.com,Male,141.15.236.166
425,Ansley,Brodhead,abrodheadbs@mayoclinic.com,Female,220.228.239.63
426,Kev,Sparry,ksparrybt@washington.edu,Male,68.186.107.8
427,Maison,Bolens,mbolensbu@live.com,Male,177.17.110.180
428,Meryl,Dieton,mdietonbv@independent.co.uk,Female,28.221.34.15
429,Joseito,Thebeaud,jthebeaudbw@craigslist.org,Male,23.199.79.141
430,Myrilla,Leason,mleasonbx@japanpost.jp,Female,40.205.77.22
431,Immanuel,Targetter,itargetterby@list-manage.com,Male,183.217.208.61
432,Shandra,Gussin,sgussinbz@seattletimes.com,Female,41.210.167.24
433,Abel,Ainge,aaingec0@va.gov,Male,236.18.224.22
434,Orly,Elcock,oelcockc1@yale.edu,Female,169.35.210.108
435,Almeta,Sayre,asayrec2@yahoo.com,Female,198.103.43.144
436,Zane,Palfreman,zpalfremanc3@dyndns.org,Male,69.35.76.46
437,Sofia,McCluin,smccluinc4@sciencedirect.com,Female,186.6.0.64
438,Sydney,Biscomb,sbiscombc5@ycombinator.com,Female,22.47.72.192
439,Dorey,Sherringham,dsherringhamc6@sun.com,Female,168.224.38.83
440,Herc,Greep,hgreepc7@t-online.de,Male,143.163.8.134
441,Francine,L'Hommee,flhommeec8@scientificamerican.com,Female,203.105.186.42
442,Cherrita,Burrells,cburrellsc9@indiegogo.com,Female,113.20.175.76
443,Gustie,Hannant,ghannantca@soundcloud.com,Female,38.176.166.25
444,Wynnie,Pyvis,wpyviscb@pinterest.com,Female,251.54.8.198
445,Tiertza,Goane,tgoanecc@businessweek.com,Female,180.148.23.0
446,Ernest,Jeannon,ejeannoncd@admin.ch,Male,87.50.70.58
447,Mair,Spadaro,mspadaroce@harvard.edu,Female,84.255.137.77
448,Torry,Bynert,tbynertcf@bigcartel.com,Male,58.195.72.189
449,Loralie,Turvie,lturviecg@forbes.com,Female,99.71.154.21
450,Piotr,I'anson,piansonch@mail.ru,Male,131.33.161.18
451,Dallas,Sharphouse,dsharphouseci@yellowbook.com,Female,8.172.222.35
452,Modestia,Kimbury,mkimburycj@chronoengine.com,Female,69.155.137.252
453,Steve,Gathercoal,sgathercoalck@google.co.jp,Male,95.104.189.43
454,Daphne,Guillot,dguillotcl@networkadvertising.org,Female,54.139.127.104
455,Johnnie,Wroath,jwroathcm@xrea.com,Male,120.13.39.133
456,Alanna,Blackmore,ablackmorecn@blogtalkradio.com,Female,4.211.200.140
457,Kiley,Markus,kmarkusco@statcounter.com,Female,179.180.137.204
458,Trixi,Remirez,tremirezcp@apache.org,Female,46.182.202.190
459,Katherina,Bearsmore,kbearsmorecq@163.com,Female,179.80.227.255
460,Mike,Grimbleby,mgrimblebycr@wiley.com,Male,253.225.154.159
461,Corabelle,Splevings,csplevingscs@amazonaws.com,Female,220.171.202.233
462,Maritsa,Mityukov,mmityukovct@pen.io,Female,159.96.46.27
463,Cletis,Steely,csteelycu@indiatimes.com,Male,179.0.80.86
464,Anabal,Quelch,aquelchcv@springer.com,Female,155.120.131.196
465,Doralynn,Humberstone,dhumberstonecw@boston.com,Female,152.5.157.19
466,Prudence,Hayen,phayencx@flickr.com,Female,144.172.88.16
467,Kingsly,Scopes,kscopescy@google.co.jp,Male,230.178.90.200
468,Udell,Adelberg,uadelbergcz@webnode.com,Male,161.21.213.128
469,Felix,Lorence,florenced0@berkeley.edu,Male,183.123.233.211
470,Carter,Pellew,cpellewd1@topsy.com,Male,114.186.169.7
471,Clare,Twiname,ctwinamed2@foxnews.com,Female,166.180.97.109
472,Garreth,Krauss,gkraussd3@constantcontact.com,Male,60.74.174.212
473,Debbi,Doblin,ddoblind4@mayoclinic.com,Female,136.120.115.96
474,Davita,Lammin,dlammind5@cmu.edu,Female,109.232.254.198
475,Jameson,Cestard,jcestardd6@prlog.org,Male,255.47.2.228
476,Derick,Archell,darchelld7@wikimedia.org,Male,231.187.170.189
477,Alvina,Catley,acatleyd8@bloomberg.com,Female,240.75.199.163
478,Ana,Hubatsch,ahubatschd9@domainmarket.com,Female,89.189.109.220
479,Alasdair,Gooley,agooleyda@pinterest.com,Male,172.4.199.90
480,Danyelle,Sapson,dsapsondb@sitemeter.com,Female,21.0.199.7
481,Kaile,Tinn,ktinndc@wiley.com,Female,246.199.103.249
482,Bern,Houtby,bhoutbydd@mlb.com,Male,214.29.89.108
483,Koral,Garside,kgarsidede@jugem.jp,Female,70.30.251.162
484,Bunny,Ivanchikov,bivanchikovdf@is.gd,Female,218.206.1.161
485,Paco,Dixey,pdixeydg@archive.org,Male,201.161.8.51
486,Shurlock,Scholtz,sscholtzdh@ucoz.ru,Male,163.236.113.202
487,Rabi,Oldred,roldreddi@mozilla.com,Male,234.44.125.36
488,Marga,Ianetti,mianettidj@icio.us,Female,64.144.56.200
489,Kasper,Whittier,kwhittierdk@desdev.cn,Male,209.90.229.238
490,Reider,Dutton,rduttondl@linkedin.com,Male,168.181.181.123
491,Lewes,Durrand,ldurranddm@acquirethisname.com,Male,122.125.195.6
492,Tess,Sharpin,tsharpindn@symantec.com,Female,24.134.253.176
493,Jeno,Dumbelton,jdumbeltondo@noaa.gov,Male,155.22.10.192
494,Ruthann,Mohun,rmohundp@devhub.com,Female,253.47.220.147
495,Alonzo,Forestel,aforesteldq@list-manage.com,Male,48.223.74.103
496,Barrett,Klimt,bklimtdr@lulu.com,Male,32.191.69.217
497,Gordan,Carriage,gcarriageds@cocolog-nifty.com,Male,159.102.5.57
498,Alyda,Millea,amilleadt@amazon.de,Female,44.194.145.227
499,Gwendolen,Godilington,ggodilingtondu@microsoft.com,Female,234.81.111.3
500,Carroll,McGeffen,cmcgeffendv@feedburner.com,Male,116.110.51.249
501,Wendeline,Goldby,wgoldbydw@narod.ru,Female,26.128.196.230
502,Fran,Cleef,fcleefdx@hibu.com,Male,70.215.250.127
503,Bernetta,Bottrill,bbottrilldy@eepurl.com,Female,20.155.202.167
504,Roxana,Balazs,rbalazsdz@icq.com,Female,81.237.228.230
505,Nichole,Dorrins,ndorrinse0@howstuffworks.com,Male,133.254.183.103
506,Damita,Cockshutt,dcockshutte1@lulu.com,Female,0.95.254.31
507,Tiphanie,Bonnick,tbonnicke2@godaddy.com,Female,128.78.161.192
508,Kirby,Comello,kcomelloe3@imgur.com,Female,2.175.99.178
509,Winfred,Buckthorp,wbuckthorpe4@ed.gov,Male,192.193.30.17
510,Toma,Palister,tpalistere5@booking.com,Female,108.247.112.244
511,Natale,Lere,nleree6@foxnews.com,Male,114.109.220.163
512,Ephrayim,Siemianowicz,esiemianowicze7@hao123.com,Male,157.236.36.146
513,Rockie,Crowest,rcroweste8@bizjournals.com,Male,33.212.22.194
514,Godwin,O'Cullinane,gocullinanee9@google.es,Male,81.242.22.48
515,Cindra,Easeman,ceasemanea@adobe.com,Female,73.197.79.196
516,Frayda,Spiby,fspibyeb@cnn.com,Female,63.194.56.152
517,Gorden,Doorly,gdoorlyec@cpanel.net,Male,56.186.70.245
518,Melesa,MacCague,mmaccagueed@amazonaws.com,Female,160.196.182.254
519,Gustavus,Brockest,gbrockestee@t.co,Male,85.21.209.125
520,Pietro,Rooksby,prooksbyef@home.pl,Male,127.59.74.203
521,Shell,Ivey,siveyeg@ucsd.edu,Male,107.132.204.234
522,Kattie,Kielt,kkielteh@marketwatch.com,Female,210.55.226.95
523,Imojean,Marques,imarquesei@aol.com,Female,45.235.175.104
524,Nikki,Repper,nrepperej@tmall.com,Male,219.46.222.61
525,Derrek,Filyukov,dfilyukovek@scribd.com,Male,171.195.135.26
526,Gabriela,Redfern,gredfernel@google.fr,Female,71.77.63.78
527,Morissa,Borges,mborgesem@ebay.com,Female,168.245.148.85
528,Cully,Saturley,csaturleyen@wordpress.com,Male,51.35.187.111
529,Aundrea,Riteley,ariteleyeo@yellowbook.com,Female,75.126.227.233
530,Marti,Kenneford,mkennefordep@foxnews.com,Female,187.193.7.116
531,Lulita,Pragnell,lpragnelleq@elegantthemes.com,Female,130.102.148.68
532,Sax,Currell,scurreller@jimdo.com,Male,173.96.208.169
533,Teresita,Spiller,tspilleres@jiathis.com,Female,175.86.195.192
534,Jobye,Taplin,jtaplinet@loc.gov,Female,30.11.241.85
535,Kristofer,Hollyman,khollymaneu@last.fm,Male,102.169.48.105
536,Bret,Chanders,bchandersev@google.com.br,Male,243.21.232.61
537,Lexine,Laboune,llabouneew@discovery.com,Female,254.194.83.198
538,Lana,Boddam,lboddamex@scientificamerican.com,Female,246.174.25.35
539,Isac,Howes,ihowesey@netlog.com,Male,196.118.203.163
540,Cal,Cleminshaw,ccleminshawez@nih.gov,Male,123.246.159.92
541,Murry,Jeanon,mjeanonf0@hubpages.com,Male,193.101.90.183
542,Heywood,Cobby,hcobbyf1@51.la,Male,88.14.9.104
543,Bernard,Baumadier,bbaumadierf2@google.co.jp,Male,94.35.31.98
544,Evered,Hiley,ehileyf3@springer.com,Male,9.195.56.2
545,Barbaraanne,Dring,bdringf4@simplemachines.org,Female,132.70.253.87
546,Junie,Reckus,jreckusf5@angelfire.com,Female,220.186.64.49
547,John,Magne,jmagnef6@ask.com,Male,168.183.139.101
548,Benjie,Glede,bgledef7@shareasale.com,Male,111.181.213.239
549,Maurice,Warrell,mwarrellf8@go.com,Male,64.184.53.121
550,Amalee,Pelchat,apelchatf9@google.ru,Female,117.16.122.221
551,Normand,Fozard,nfozardfa@taobao.com,Male,104.98.93.72
552,Karola,McElwee,kmcelweefb@phoca.cz,Female,141.89.115.204
553,Doug,Anfusso,danfussofc@privacy.gov.au,Male,20.49.234.110
554,Penni,Beranek,pberanekfd@cnbc.com,Female,20.73.216.151
555,Ynez,Radolf,yradolffe@imdb.com,Female,148.113.184.143
556,Sheba,Kissack,skissackff@mozilla.com,Female,173.168.159.186
557,Susannah,Hillborne,shillbornefg@un.org,Female,249.217.22.219
558,West,Buney,wbuneyfh@histats.com,Male,181.212.100.52
559,Tabb,Sambals,tsambalsfi@baidu.com,Male,0.39.120.82
560,Graig,Beecraft,gbeecraftfj@ocn.ne.jp,Male,246.114.44.180
561,Mike,Lowensohn,mlowensohnfk@imageshack.us,Male,77.127.43.141
562,Dwight,Kynder,dkynderfl@accuweather.com,Male,107.230.19.100
563,Rosette,Apple,rapplefm@t.co,Female,70.32.163.16
564,Haily,Spedding,hspeddingfn@intel.com,Male,215.44.201.104
565,Caroline,Bates,cbatesfo@mlb.com,Female,116.52.179.2
566,Buddie,Hoggan,bhogganfp@themeforest.net,Male,164.144.202.68
567,Ludvig,Camois,lcamoisfq@reference.com,Male,71.182.56.240
568,Lilllie,Meyrick,lmeyrickfr@delicious.com,Female,53.182.57.143
569,Ash,Slipper,aslipperfs@va.gov,Male,14.6.68.126
570,Niki,Walpole,nwalpoleft@disqus.com,Female,110.225.164.250
571,Mariette,Kubicek,mkubicekfu@ted.com,Female,241.228.95.206
572,Bartolomeo,Kinnerk,bkinnerkfv@theatlantic.com,Male,150.149.65.29
573,Karissa,O'Kuddyhy,kokuddyhyfw@biblegateway.com,Female,64.163.94.199
574,Hadlee,Siggs,hsiggsfx@taobao.com,Male,28.226.29.0
575,Carol,Picker,cpickerfy@google.pl,Female,138.41.38.27
576,Benton,Beardmore,bbeardmorefz@imageshack.us,Male,215.219.74.86
577,Billie,Case,bcaseg0@shutterfly.com,Female,208.249.13.107
578,Chris,Bougen,cbougeng1@g.co,Female,196.39.137.199
579,Bernardine,Andrivel,bandrivelg2@cnn.com,Female,106.14.207.44
580,Marshall,Ottery,motteryg3@dyndns.org,Male,243.89.114.122
581,Vasily,McGall,vmcgallg4@free.fr,Male,158.133.229.208
582,Marve,Shotbolt,mshotboltg5@diigo.com,Male,113.60.76.128
583,Douglass,Ortelt,dorteltg6@hibu.com,Male,101.245.242.234
584,Langston,Tailby,ltailbyg7@oracle.com,Male,189.66.202.249
585,Phillipe,Damarell,pdamarellg8@github.com,Male,236.91.165.83
586,Sauncho,De Luna,sdelunag9@wp.com,Male,101.33.190.105
587,Emmaline,Littrell,elittrellga@exblog.jp,Female,13.183.51.116
588,Hasty,Gyer,hgyergb@forbes.com,Male,108.206.27.78
589,Clevey,Coverdill,ccoverdillgc@google.de,Male,156.20.176.199
590,Dalli,Forton,dfortongd@yandex.ru,Male,245.175.91.140
591,Bernita,Curd,bcurdge@bizjournals.com,Female,118.202.145.142
592,Ellwood,Dixey,edixeygf@blogtalkradio.com,Male,146.86.45.199
593,Skip,Valett,svalettgg@smh.com.au,Male,17.186.33.236
594,Erwin,Westfield,ewestfieldgh@ning.com,Male,67.84.215.71
595,Nerti,Housin,nhousingi@cornell.edu,Female,219.179.98.56
596,Dorree,Bendtsen,dbendtsengj@desdev.cn,Female,69.22.230.193
597,Graehme,Rosson,grossongk@bloglines.com,Male,215.29.116.166
598,Nahum,Grunnill,ngrunnillgl@sciencedaily.com,Male,94.164.72.184
599,Frankie,Derycot,fderycotgm@dailymotion.com,Male,4.160.70.156
600,Stinky,Ruffell,sruffellgn@princeton.edu,Male,240.31.48.239
601,Pansie,Menilove,pmenilovego@geocities.jp,Female,227.75.166.129
602,Jarret,Fellis,jfellisgp@moonfruit.com,Male,122.6.255.155
603,Madelon,Troy,mtroygq@newsvine.com,Female,193.194.9.183
604,Stefanie,Bellini,sbellinigr@senate.gov,Female,154.18.128.220
605,Orland,Piggens,opiggensgs@europa.eu,Male,206.234.227.73
606,Brandais,Woollett,bwoollettgt@soup.io,Female,137.43.194.61
607,Maurise,Kneller,mknellergu@jimdo.com,Male,30.236.157.68
608,Hayes,Orrow,horrowgv@smh.com.au,Male,118.56.166.71
609,Robenia,Kinder,rkindergw@cdc.gov,Female,119.88.15.39
610,Orly,Maynell,omaynellgx@fema.gov,Female,141.151.253.221
611,Alix,Franck,afranckgy@abc.net.au,Male,142.78.182.184
612,Ardene,Cobby,acobbygz@sphinn.com,Female,50.51.10.248
613,Bill,Andrei,bandreih0@earthlink.net,Male,1.228.57.137
614,Jaynell,Walworche,jwalworcheh1@smugmug.com,Female,107.9.19.10
615,Gussy,Bennion,gbennionh2@friendfeed.com,Female,105.184.160.136
616,Lalo,Maginn,lmaginnh3@marketwatch.com,Male,41.194.8.253
617,Fernande,Inkle,finkleh4@rediff.com,Female,63.199.144.106
618,Massimo,Penticoot,mpenticooth5@geocities.jp,Male,228.62.217.51
619,Lizzy,Kerrod,lkerrodh6@state.tx.us,Female,128.225.44.8
620,Alexi,Donet,adoneth7@tiny.cc,Female,116.96.185.156
621,Ava,True,atrueh8@upenn.edu,Female,157.172.236.91
622,Marcy,Cabel,mcabelh9@earthlink.net,Female,167.78.192.144
623,Xylia,Beachamp,xbeachampha@tinyurl.com,Female,144.135.233.219
624,Homere,Gregs,hgregshb@a8.net,Male,141.67.239.19
625,Viva,McCaster,vmccasterhc@php.net,Female,131.36.132.111
626,Upton,Maddern,umaddernhd@umn.edu,Male,16.197.208.189
627,Phaidra,Pitkeathly,ppitkeathlyhe@usgs.gov,Female,229.157.254.64
628,Gal,Redier,gredierhf@wufoo.com,Male,8.6.173.190
629,Micky,Macon,mmaconhg@smh.com.au,Male,166.233.241.39
630,Marco,Kyd,mkydhh@pinterest.com,Male,185.33.203.107
631,Harriot,Micka,hmickahi@howstuffworks.com,Female,77.21.202.193
632,Romeo,Bark,rbarkhj@infoseek.co.jp,Male,170.110.75.236
633,Marve,Bahl,mbahlhk@etsy.com,Male,103.108.57.90
634,Gordon,Simpkins,gsimpkinshl@taobao.com,Male,177.110.119.157
635,Charo,McKenzie,cmckenziehm@creativecommons.org,Female,76.208.140.249
636,Judi,Flower,jflowerhn@prweb.com,Female,106.127.0.21
637,Brandea,Edser,bedserho@geocities.jp,Female,195.155.43.103
638,Mirilla,Waud,mwaudhp@taobao.com,Female,251.112.81.248
639,Noe,Downse,ndownsehq@multiply.com,Male,144.215.99.81
640,Vinita,Schubert,vschuberthr@myspace.com,Female,97.59.251.226
641,Beaufort,Nolte,bnoltehs@nasa.gov,Male,175.0.74.215
642,Spike,Lawrenceson,slawrencesonht@blogs.com,Male,122.134.131.26
643,Ashien,Quinnelly,aquinnellyhu@pagesperso-orange.fr,Female,106.32.84.250
644,Evelyn,Bum,ebumhv@w3.org,Male,74.231.206.119
645,Donna,Whitington,dwhitingtonhw@technorati.com,Female,140.5.48.244
646,Frasier,Lum,flumhx@tumblr.com,Male,34.233.140.8
647,Tracey,Rabbitt,trabbitthy@washington.edu,Male,137.126.229.97
648,Biddy,Michelmore,bmichelmorehz@msu.edu,Female,123.203.175.65
649,Ewell,Simeone,esimeonei0@godaddy.com,Male,146.237.18.151
650,Cordey,Cortes,ccortesi1@amazonaws.com,Female,164.111.148.248
651,Gene,Jahnke,gjahnkei2@narod.ru,Female,11.191.97.14
652,Mano,Franiak,mfraniaki3@indiegogo.com,Male,18.4.189.253
653,Purcell,Wehden,pwehdeni4@ca.gov,Male,145.239.150.51
654,Charlotta,Renyard,crenyardi5@oakley.com,Female,240.4.218.155
655,Aubrey,Karlqvist,akarlqvisti6@ucsd.edu,Female,186.151.21.250
656,Kennan,Jorczyk,kjorczyki7@sun.com,Male,145.79.206.227
657,Jessalin,Lanchester,jlanchesteri8@huffingtonpost.com,Female,42.123.241.3
658,Brandais,Vaughton,bvaughtoni9@cocolog-nifty.com,Female,219.220.117.47
659,Neil,Lippingwell,nlippingwellia@ezinearticles.com,Male,125.0.244.211
660,Rog,Gordon-Giles,rgordongilesib@shinystat.com,Male,237.215.55.160
661,Annadiana,Japp,ajappic@feedburner.com,Female,56.24.3.39
662,Carline,Cansfield,ccansfieldid@biblegateway.com,Female,222.130.212.4
663,Frederigo,Slessar,fslessarie@java.com,Male,64.54.147.216
664,Vince,Rupprecht,vrupprechtif@plala.or.jp,Male,4.44.96.183
665,Harold,Gozney,hgozneyig@cargocollective.com,Male,26.71.65.220
666,Lorette,Fruchon,lfruchonih@techcrunch.com,Female,24.39.71.7
667,Darrick,Notman,dnotmanii@slideshare.net,Male,201.252.96.68
668,Hyacinth,Cruse,hcruseij@wunderground.com,Female,145.197.197.60
669,Tiphany,McQuaker,tmcquakerik@apache.org,Female,32.186.254.144
670,Bellina,Sidgwick,bsidgwickil@ibm.com,Female,2.74.194.78
671,Arney,Dorin,adorinim@netscape.com,Male,99.132.82.221
672,Rex,Prestland,rprestlandin@mapquest.com,Male,15.31.246.84
673,Nicholas,Aleixo,naleixoio@hhs.gov,Male,22.83.60.169
674,Pincas,Eshmade,peshmadeip@mediafire.com,Male,109.226.131.47
675,Ursa,Northcote,unorthcoteiq@cmu.edu,Female,183.234.237.62
676,Bengt,Rudinger,brudingerir@cyberchimps.com,Male,26.163.22.170
677,Carlie,Rebichon,crebichonis@google.com,Female,236.94.172.110
678,Chase,Bodham,cbodhamit@free.fr,Male,202.227.105.251
679,Thorny,Toby,ttobyiu@livejournal.com,Male,13.73.88.109
680,Karlis,Filtness,kfiltnessiv@creativecommons.org,Male,91.132.71.217
681,Marabel,O'Howbane,mohowbaneiw@youtube.com,Female,37.33.101.197
682,Ephraim,Gilks,egilksix@unc.edu,Male,34.179.169.253
683,Vernor,Pridding,vpriddingiy@pcworld.com,Male,76.158.43.14
684,Mychal,Thome,mthomeiz@dot.gov,Male,8.216.87.83
685,Elisabetta,Oxnam,eoxnamj0@google.co.jp,Female,119.46.34.165
686,Sapphire,Radmer,sradmerj1@army.mil,Female,242.159.38.30
687,Edan,Flux,efluxj2@princeton.edu,Male,17.107.42.206
688,Barb,Woolham,bwoolhamj3@mediafire.com,Female,123.68.35.194
689,Eamon,Pichmann,epichmannj4@biblegateway.com,Male,155.141.255.135
690,Yves,Kibel,ykibelj5@surveymonkey.com,Male,192.39.18.219
691,Marcelle,Presnail,mpresnailj6@pinterest.com,Female,25.56.138.255
692,Ingelbert,Deroche,iderochej7@blogspot.com,Male,55.82.153.180
693,Rip,Tilte,rtiltej8@usda.gov,Male,172.147.75.116
694,Miguel,Olczak,molczakj9@microsoft.com,Male,228.237.66.134
695,Barclay,Borley,bborleyja@lulu.com,Male,142.10.61.202
696,Noah,Praill,nprailljb@jiathis.com,Male,54.152.213.162
697,Dorotea,Macbane,dmacbanejc@hostgator.com,Female,34.35.239.45
698,Early,Curee,ecureejd@ezinearticles.com,Male,229.253.230.149
699,Ethelda,Chomicz,echomiczje@moonfruit.com,Female,161.76.138.52
700,Rolando,Fanshaw,rfanshawjf@freewebs.com,Male,150.27.75.133
701,Bernardine,Pudan,bpudanjg@jimdo.com,Female,143.250.69.80
702,Rodina,Di Nisco,rdiniscojh@mit.edu,Female,125.225.193.255
703,Lian,Warwicker,lwarwickerji@chron.com,Female,25.254.70.53
704,Bernardine,Fonzo,bfonzojj@hubpages.com,Female,41.0.31.221
705,Rand,Piotrkowski,rpiotrkowskijk@amazon.co.uk,Male,156.227.255.171
706,Tabbie,Radbourn,tradbournjl@google.co.jp,Female,250.71.240.29
707,Lloyd,Froggatt,lfroggattjm@springer.com,Male,69.120.83.207
708,Risa,Hocking,rhockingjn@msn.com,Female,93.2.68.199
709,Britt,Banford,bbanfordjo@apple.com,Female,40.163.175.40
710,Kendal,Jallin,kjallinjp@joomla.org,Male,74.160.134.127
711,Kerry,Delea,kdeleajq@wix.com,Female,153.194.244.114
712,Veda,Balog,vbalogjr@fema.gov,Female,232.62.49.202
713,Bo,Dineges,bdinegesjs@homestead.com,Male,117.115.37.246
714,Durant,Kissell,dkisselljt@princeton.edu,Male,131.99.157.150
715,Gerladina,Alfwy,galfwyju@51.la,Female,103.29.250.4
716,Sonya,Spradbery,sspradberyjv@tumblr.com,Female,96.98.150.119
717,Valina,Jordin,vjordinjw@sourceforge.net,Female,214.86.139.191
718,Fidelio,Yoxall,fyoxalljx@joomla.org,Male,161.210.242.193
719,Adel,Littler,alittlerjy@gizmodo.com,Female,18.208.91.255
720,Nobie,Unsworth,nunsworthjz@bigcartel.com,Male,41.219.210.112
721,Jacenta,Heasly,jheaslyk0@photobucket.com,Female,149.27.128.80
722,Garwood,Vobes,gvobesk1@businesswire.com,Male,214.60.160.81
723,Rora,Malyj,rmalyjk2@cmu.edu,Female,76.54.119.54
724,Libbie,Tunnock,ltunnockk3@canalblog.com,Female,195.246.101.24
725,Anetta,End,aendk4@gizmodo.com,Female,13.216.255.91
726,Janean,Kisbey,jkisbeyk5@cloudflare.com,Female,52.108.89.189
727,Shellysheldon,McSkeagan,smcskeagank6@plala.or.jp,Male,164.254.241.162
728,Antone,Dowthwaite,adowthwaitek7@oaic.gov.au,Male,243.46.210.208
729,Saw,Mallebone,smallebonek8@uiuc.edu,Male,254.62.76.122
730,Lian,Sines,lsinesk9@skyrock.com,Female,32.13.216.221
731,Mortie,Odhams,modhamska@hugedomains.com,Male,157.204.220.135
732,Delinda,Plain,dplainkb@census.gov,Female,97.248.151.197
733,Woodie,Lewens,wlewenskc@pbs.org,Male,35.21.142.72
734,Jaquelin,Norssister,jnorssisterkd@surveymonkey.com,Female,117.5.170.14
735,Korie,Kidd,kkiddke@trellian.com,Female,171.180.26.164
736,Emili,Filippozzi,efilippozzikf@ed.gov,Female,226.207.130.17
737,Timotheus,Frantzen,tfrantzenkg@blinklist.com,Male,59.75.185.148
738,Latisha,Prydie,lprydiekh@multiply.com,Female,72.170.117.39
739,Cathie,Haet,chaetki@cbsnews.com,Female,104.185.27.198
740,Page,Gerhartz,pgerhartzkj@va.gov,Female,196.161.184.156
741,Guendolen,Kisbey,gkisbeykk@sourceforge.net,Female,83.91.12.52
742,Claudina,Trevascus,ctrevascuskl@biblegateway.com,Female,202.148.120.161
743,Lauri,Matkovic,lmatkovickm@gizmodo.com,Female,194.108.166.74
744,Marian,Bridgens,mbridgenskn@angelfire.com,Female,34.134.86.70
745,Marc,Girodon,mgirodonko@blinklist.com,Male,150.216.115.222
746,Nikita,Drakard,ndrakardkp@microsoft.com,Male,200.76.15.92
747,Aundrea,Pooley,apooleykq@upenn.edu,Female,142.136.94.213
748,Ailsun,Dellenbach,adellenbachkr@guardian.co.uk,Female,205.109.93.107
749,Kristine,Pardey,kpardeyks@yahoo.com,Female,253.139.72.114
750,Ad,Sugden,asugdenkt@ihg.com,Male,46.63.23.115
751,Everett,Gerner,egernerku@wikimedia.org,Male,68.110.138.108
752,Bryan,O' Cuolahan,bocuolahankv@nasa.gov,Male,81.115.101.224
753,Bertrand,Klezmski,bklezmskikw@discuz.net,Male,86.249.73.71
754,Carl,Rigeby,crigebykx@vimeo.com,Male,172.133.41.7
755,Devin,Meneyer,dmeneyerky@yandex.ru,Male,62.218.59.132
756,Torin,Eaglen,teaglenkz@list-manage.com,Male,151.0.218.113
757,Allissa,Peto,apetol0@tinypic.com,Female,200.197.233.81
758,Kerry,Malsher,kmalsherl1@liveinternet.ru,Female,29.111.9.46
759,Kaiser,Gerson,kgersonl2@jigsy.com,Male,176.202.251.81
760,Theo,Todd,ttoddl3@imageshack.us,Male,9.149.81.211
761,Lisabeth,Cropp,lcroppl4@marketwatch.com,Female,176.134.13.202
762,Shelton,Bisacre,sbisacrel5@printfriendly.com,Male,199.139.230.213
763,Clemmy,Sodory,csodoryl6@gmpg.org,Male,183.166.173.196
764,Adena,Clendinning,aclendinningl7@wordpress.org,Female,224.28.216.59
765,Mercie,Fernandez,mfernandezl8@freewebs.com,Female,204.84.99.28
766,Tonye,Milnes,tmilnesl9@symantec.com,Female,84.18.93.247
767,Olivia,Markwell,omarkwellla@census.gov,Female,121.194.155.237
768,Geoff,Woliter,gwoliterlb@wikipedia.org,Male,136.248.158.247
769,Asia,Stirgess,astirgesslc@cbsnews.com,Female,214.59.79.77
770,Ozzie,Durram,odurramld@posterous.com,Male,127.119.130.54
771,Riannon,Courtonne,rcourtonnele@addtoany.com,Female,176.78.76.46
772,Blondy,Polley,bpolleylf@globo.com,Female,111.180.107.142
773,Jimmie,Asbrey,jasbreylg@nature.com,Male,207.76.89.31
774,Rustie,Hempshall,rhempshalllh@behance.net,Male,67.181.175.103
775,Eugenius,Ralestone,eralestoneli@so-net.ne.jp,Male,246.4.74.123
776,Hirsch,Aizlewood,haizlewoodlj@techcrunch.com,Male,44.103.121.181
777,Terri-jo,Dockrill,tdockrilllk@g.co,Female,60.82.168.119
778,Ephraim,Braidford,ebraidfordll@angelfire.com,Male,52.54.0.240
779,Kiele,Philippet,kphilippetlm@icq.com,Female,225.180.100.164
780,Tara,Giraudo,tgiraudoln@thetimes.co.uk,Female,170.248.77.190
781,Kenon,Rainville,krainvillelo@tmall.com,Male,220.35.81.231
782,Hanna,Saffe,hsaffelp@godaddy.com,Female,99.159.199.232
783,Gabrielle,Brinkworth,gbrinkworthlq@msu.edu,Female,81.157.80.30
784,Chandra,Goodanew,cgoodanewlr@vinaora.com,Female,205.233.83.124
785,Sibeal,Robak,srobakls@blogs.com,Female,128.18.95.171
786,Vonni,Bertl,vbertllt@usnews.com,Female,247.228.46.2
787,Felicity,Voules,fvouleslu@eepurl.com,Female,3.102.11.151
788,Eric,Kinnaird,ekinnairdlv@icio.us,Male,212.154.200.212
789,Gunner,Dubique,gdubiquelw@slashdot.org,Male,232.8.17.217
790,Ole,Eidelman,oeidelmanlx@icio.us,Male,5.224.8.209
791,Benji,Sunnucks,bsunnucksly@usa.gov,Male,212.139.110.78
792,Cyrille,Kearsley,ckearsleylz@miitbeian.gov.cn,Male,154.86.243.23
793,Shermie,Servis,sservism0@ameblo.jp,Male,219.176.201.7
794,Enriqueta,Farrow,efarrowm1@facebook.com,Female,47.189.95.237
795,Hill,Episcopi,hepiscopim2@tmall.com,Male,235.40.148.136
796,Maridel,Vasilchikov,mvasilchikovm3@ow.ly,Female,69.94.187.81
797,Casey,Kieff,ckieffm4@etsy.com,Male,12.227.61.212
798,Ely,Whittet,ewhittetm5@tuttocitta.it,Male,154.66.93.97
799,Trstram,Dailly,tdaillym6@nationalgeographic.com,Male,57.133.112.17
800,Harley,Fishley,hfishleym7@amazon.co.uk,Male,29.29.162.200
801,Maddalena,Mackie,mmackiem8@wikia.com,Female,159.125.224.77
802,Osbourn,Moff,omoffm9@cloudflare.com,Male,204.68.122.203
803,Nataline,Joskovitch,njoskovitchma@dedecms.com,Female,254.43.134.100
804,Hayley,Castrillo,hcastrillomb@bbc.co.uk,Female,146.175.38.55
805,Natal,Dallon,ndallonmc@cisco.com,Male,217.126.145.143
806,Hasheem,Hanselman,hhanselmanmd@geocities.com,Male,131.167.97.207
807,Boonie,Brixey,bbrixeyme@ow.ly,Male,93.68.182.202
808,Westleigh,Guillon,wguillonmf@ed.gov,Male,98.153.163.61
809,Keary,Errol,kerrolmg@skype.com,Male,201.187.168.252
810,Garrek,Freer,gfreermh@posterous.com,Male,130.235.24.38
811,Marsh,Mariet,mmarietmi@instagram.com,Male,27.69.221.122
812,Spenser,Mechic,smechicmj@hao123.com,Male,92.20.243.61
813,Rusty,Brugsma,rbrugsmamk@nyu.edu,Male,241.130.85.104
814,Husein,Chattoe,hchattoeml@last.fm,Male,104.23.65.28
815,Felecia,Duplock,fduplockmm@free.fr,Female,96.65.135.225
816,Cosetta,Haley,chaleymn@latimes.com,Female,247.230.151.11
817,Nikola,Dudenie,ndudeniemo@feedburner.com,Male,193.47.121.8
818,Rudiger,Pochon,rpochonmp@weebly.com,Male,125.87.198.8
819,Perrine,Gebuhr,pgebuhrmq@tuttocitta.it,Female,78.251.28.135
820,Bryana,Sinton,bsintonmr@smugmug.com,Female,23.254.50.156
821,Bud,Oke,bokems@statcounter.com,Male,52.0.19.61
822,Viv,Stallion,vstallionmt@fema.gov,Female,146.83.6.97
823,Donaugh,Anderton,dandertonmu@virginia.edu,Male,116.121.202.45
824,Moira,Berrick,mberrickmv@naver.com,Female,30.48.202.169
825,Carling,Claessens,cclaessensmw@cnbc.com,Male,28.142.42.111
826,Wakefield,Emmott,wemmottmx@hao123.com,Male,20.146.100.195
827,Shane,Moseby,smosebymy@vkontakte.ru,Female,106.211.146.162
828,Babs,Southerns,bsouthernsmz@ca.gov,Female,225.183.238.22
829,Roderich,Bertelsen,rbertelsenn0@vkontakte.ru,Male,8.73.119.90
830,Gherardo,Tebbit,gtebbitn1@163.com,Male,42.208.1.96
831,Maria,Dimitrescu,mdimitrescun2@washington.edu,Female,183.41.115.246
832,Goraud,Cella,gcellan3@trellian.com,Male,147.245.31.139
833,Betty,Barrs,bbarrsn4@state.tx.us,Female,34.119.52.30
834,Geneva,Dautry,gdautryn5@slideshare.net,Female,142.174.49.195
835,Truman,Botfield,tbotfieldn6@vk.com,Male,147.11.87.201
836,Turner,Rihanek,trihanekn7@vkontakte.ru,Male,225.62.133.212
837,Nolie,Giral,ngiraln8@cisco.com,Female,219.5.98.65
838,Alvis,Kingerby,akingerbyn9@engadget.com,Male,218.167.187.104
839,Ermin,Brattell,ebrattellna@google.com.hk,Male,33.41.10.188
840,Vonnie,McCahill,vmccahillnb@ocn.ne.jp,Female,124.56.177.48
841,Regan,Goodlud,rgoodludnc@blogs.com,Male,115.119.8.4
842,Ingunna,Djekovic,idjekovicnd@hp.com,Female,7.31.89.153
843,Timi,Roizn,troiznne@constantcontact.com,Female,26.127.136.150
844,Ennis,Wraggs,ewraggsnf@mozilla.com,Male,248.228.210.96
845,Lynnette,Rappport,lrappportng@dmoz.org,Female,100.221.119.236
846,Maxim,Tincey,mtinceynh@typepad.com,Male,201.188.237.61
847,Myrle,Messam,mmessamni@livejournal.com,Female,211.218.169.206
848,Kleon,McGuire,kmcguirenj@is.gd,Male,38.48.226.22
849,Marla,Lysons,mlysonsnk@google.de,Female,26.96.195.96
850,Glyn,Pocock,gpococknl@geocities.jp,Female,56.94.253.220
851,Bastien,Franzelini,bfranzelininm@usatoday.com,Male,200.189.208.15
852,Orlan,Stuehmeier,ostuehmeiernn@latimes.com,Male,143.91.110.52
853,Halli,Eckersley,heckersleyno@princeton.edu,Female,109.66.19.224
854,Charmine,Muro,cmuronp@bizjournals.com,Female,142.212.87.202
855,Merrick,Verbruggen,mverbruggennq@twitter.com,Male,200.9.154.183
856,Pedro,Skerratt,pskerrattnr@forbes.com,Male,125.126.81.107
857,Robinett,Petrulis,rpetrulisns@nps.gov,Female,69.235.242.163
858,Josee,Annatt,jannattnt@dion.ne.jp,Female,26.103.28.195
859,Miguela,Rollinshaw,mrollinshawnu@istockphoto.com,Female,53.245.119.46
860,Rochester,Borg-Bartolo,rborgbartolonv@scribd.com,Male,152.30.202.62
861,Della,Giacomello,dgiacomellonw@google.it,Female,146.103.176.254
862,Levon,Thornley,lthornleynx@hud.gov,Male,155.20.56.180
863,Sebastien,Haimes,shaimesny@sitemeter.com,Male,40.163.70.37
864,Manfred,Tritton,mtrittonnz@scribd.com,Male,81.234.156.211
865,Jemimah,Meineken,jmeinekeno0@cornell.edu,Female,66.176.72.56
866,Alain,Dodman,adodmano1@com.com,Male,211.234.55.249
867,Corabelle,Dybald,cdybaldo2@qq.com,Female,160.87.67.70
868,Andriana,Worsall,aworsallo3@deliciousdays.com,Female,4.43.9.202
869,Chance,Tarren,ctarreno4@blogger.com,Male,65.124.11.62
870,Frankie,Roja,frojao5@amazonaws.com,Male,161.191.63.243
871,Ansell,Fulun,afuluno6@linkedin.com,Male,136.205.84.18
872,Even,Hackney,ehackneyo7@feedburner.com,Male,243.84.140.162
873,Hoyt,MacDiarmid,hmacdiarmido8@purevolume.com,Male,52.87.31.22
874,Jewelle,Collins,jcollinso9@google.ca,Female,24.119.233.46
875,Maggi,Bloan,mbloanoa@huffingtonpost.com,Female,201.220.228.48
876,Davon,Marryatt,dmarryattob@mlb.com,Male,39.91.113.22
877,Aleece,Froome,afroomeoc@home.pl,Female,77.7.203.8
878,Ezequiel,Klewer,eklewerod@ted.com,Male,71.3.210.3
879,Letti,Padrick,lpadrickoe@last.fm,Female,94.210.231.110
880,Brew,Cassell,bcassellof@cocolog-nifty.com,Male,139.154.34.118
881,Sibilla,Bousfield,sbousfieldog@aol.com,Female,123.10.109.241
882,Inger,Fredi,ifredioh@patch.com,Male,248.65.239.168
883,Millie,Nevins,mnevinsoi@va.gov,Female,138.227.89.82
884,Aubrey,Simmings,asimmingsoj@examiner.com,Male,128.210.45.18
885,Guglielmo,Neubigin,gneubiginok@oracle.com,Male,33.163.155.175
886,Conant,Byham,cbyhamol@com.com,Male,164.155.221.56
887,Gert,Honniebal,ghonniebalom@statcounter.com,Female,147.154.71.59
888,Lee,Clayson,lclaysonon@guardian.co.uk,Female,179.202.22.145
889,Barbra,Lanyon,blanyonoo@harvard.edu,Female,141.73.174.193
890,Isidora,Kelston,ikelstonop@twitter.com,Female,202.100.96.93
891,Reid,Smidmor,rsmidmoroq@apache.org,Male,71.160.10.143
892,Helaina,Drinkhall,hdrinkhallor@webeden.co.uk,Female,166.133.30.63
893,Ellary,McGaugey,emcgaugeyos@mtv.com,Male,99.79.213.79
894,Ermentrude,Jeff,ejeffot@blogspot.com,Female,40.81.232.137
895,Phylys,Fenwick,pfenwickou@epa.gov,Female,111.136.244.150
896,Tamqrah,Binnall,tbinnallov@ox.ac.uk,Female,55.184.13.240
897,Leandra,Crewdson,lcrewdsonow@mashable.com,Female,142.46.95.174
898,Jo ann,Tregien,jtregienox@bizjournals.com,Female,114.222.87.215
899,Patsy,Duligall,pduligalloy@bizjournals.com,Female,209.91.234.250
900,Lindi,Beggs,lbeggsoz@chicagotribune.com,Female,142.30.187.188
901,Owen,Fettes,ofettesp0@joomla.org,Male,240.78.49.163
902,Trstram,Ebbers,tebbersp1@chronoengine.com,Male,97.117.28.202
903,Micah,Posnett,mposnettp2@edublogs.org,Male,136.119.165.252
904,Kienan,Merrall,kmerrallp3@ed.gov,Male,75.209.18.123
905,Jehu,Raigatt,jraigattp4@cmu.edu,Male,28.91.32.225
906,Zorina,Broggelli,zbroggellip5@google.com.br,Female,108.68.139.178
907,Deck,Douglass,ddouglassp6@typepad.com,Male,65.163.183.245
908,Donnell,Sinkinson,dsinkinsonp7@hibu.com,Male,181.62.169.199
909,Matilda,Hayth,mhaythp8@illinois.edu,Female,229.72.175.198
910,Talia,Heathfield,theathfieldp9@pcworld.com,Female,97.31.186.161
911,Emelen,Thundercliffe,ethundercliffepa@over-blog.com,Male,117.242.217.154
912,Barty,Houseley,bhouseleypb@ycombinator.com,Male,167.62.193.11
913,Nickey,Pieper,npieperpc@cornell.edu,Male,41.222.93.89
914,Gabriella,Lambart,glambartpd@theatlantic.com,Female,202.107.208.146
915,Bonnibelle,Ledger,bledgerpe@diigo.com,Female,176.34.243.14
916,Wini,Parlott,wparlottpf@google.it,Female,170.116.29.234
917,Euell,Laval,elavalpg@qq.com,Male,18.103.132.183
918,Aldwin,Sutherland,asutherlandph@addtoany.com,Male,120.233.234.230
919,Poul,Partener,ppartenerpi@google.ca,Male,179.238.94.145
920,Eadmund,Whiterod,ewhiterodpj@macromedia.com,Male,32.196.153.58
921,Hilary,Hansod,hhansodpk@unc.edu,Male,237.134.52.241
922,Thatcher,Dyos,tdyospl@bravesites.com,Male,220.37.147.116
923,Mac,Cornewall,mcornewallpm@symantec.com,Male,132.181.90.100
924,Nanni,Attle,nattlepn@jugem.jp,Female,202.133.0.42
925,Marice,Ladel,mladelpo@theglobeandmail.com,Female,131.175.198.143
926,Elicia,Hedley,ehedleypp@devhub.com,Female,181.190.249.145
927,Ame,Ovitz,aovitzpq@creativecommons.org,Female,17.183.213.173
928,Egan,Iles,eilespr@google.es,Male,53.102.227.187
929,Jackie,Sinnat,jsinnatps@macromedia.com,Male,190.99.107.39
930,Mame,McComiskie,mmccomiskiept@weibo.com,Female,131.140.44.36
931,Wayne,Pavlovic,wpavlovicpu@ft.com,Male,199.204.172.133
932,Milzie,Rizzi,mrizzipv@hud.gov,Female,39.83.2.107
933,Stern,Shropshire,sshropshirepw@delicious.com,Male,227.93.164.182
934,Paule,Cancutt,pcancuttpx@rediff.com,Female,241.81.168.1
935,Woodman,Beldon,wbeldonpy@booking.com,Male,10.102.15.9
936,Paige,Copcutt,pcopcuttpz@wikia.com,Female,233.188.24.229
937,Hazel,Huntress,hhuntressq0@mail.ru,Female,59.217.19.235
938,Elliot,MacHarg,emachargq1@illinois.edu,Male,80.62.77.41
939,Robin,Lamberto,rlambertoq2@mail.ru,Male,49.62.138.91
940,Franchot,Tolson,ftolsonq3@privacy.gov.au,Male,243.69.143.141
941,Harland,Massimi,hmassimiq4@sciencedaily.com,Male,28.48.151.235
942,Prue,Pyser,ppyserq5@mozilla.com,Female,2.59.212.21
943,Huntley,Halse,hhalseq6@4shared.com,Male,104.73.36.145
944,Olly,Fernihough,ofernihoughq7@wired.com,Male,64.193.87.61
945,Alisun,Rickell,arickellq8@ucoz.com,Female,58.227.185.35
946,Mannie,Murtell,mmurtellq9@accuweather.com,Male,69.43.162.227
947,Ram,Grayshon,rgrayshonqa@alibaba.com,Male,24.58.255.31
948,Stefanie,Musico,smusicoqb@smugmug.com,Female,137.223.29.42
949,Weber,Gunda,wgundaqc@twitter.com,Male,144.173.174.74
950,Papageno,Chessum,pchessumqd@google.pl,Male,129.42.70.184
951,Reinhold,Rabley,rrableyqe@sohu.com,Male,76.152.72.243
952,Flore,MacGaughey,fmacgaugheyqf@blogger.com,Female,204.146.7.95
953,Allx,Symones,asymonesqg@census.gov,Female,223.245.156.174
954,Bevvy,Pendlington,bpendlingtonqh@angelfire.com,Female,203.238.127.120
955,Odelia,Ainsbury,oainsburyqi@blogger.com,Female,19.35.198.246
956,Quintina,Renvoise,qrenvoiseqj@paginegialle.it,Female,43.190.203.248
957,Karel,Huge,khugeqk@about.me,Female,174.36.143.200
958,Perice,Marrows,pmarrowsql@blogtalkradio.com,Male,0.222.223.137
959,Nikki,ffrench Beytagh,nffrenchbeytaghqm@wikimedia.org,Male,132.206.14.149
960,Zaneta,Curtin,zcurtinqn@tuttocitta.it,Female,190.101.204.46
961,Tim,Mackney,tmackneyqo@howstuffworks.com,Male,180.249.243.186
962,Karol,Courtman,kcourtmanqp@discovery.com,Female,51.36.193.61
963,Darcy,Scrane,dscraneqq@cafepress.com,Female,236.149.152.216
964,Artemis,Chugg,achuggqr@businesswire.com,Male,49.76.245.20
965,Ashien,Lascell,alascellqs@dailymotion.com,Female,58.78.91.233
966,Romeo,Emanuele,remanueleqt@scribd.com,Male,162.80.202.224
967,Leonore,Crawley,lcrawleyqu@reddit.com,Female,95.156.9.57
968,Stefa,Fronek,sfronekqv@cnn.com,Female,9.135.148.31
969,Nichols,Basketfield,nbasketfieldqw@ucla.edu,Male,213.111.232.189
970,Russ,Scherme,rschermeqx@ustream.tv,Male,252.66.171.249
971,Stephen,Sumpter,ssumpterqy@about.me,Male,27.149.140.181
972,Nikos,Kiddye,nkiddyeqz@stumbleupon.com,Male,92.164.54.39
973,Joachim,Sylvaine,jsylvainer0@yellowbook.com,Male,22.103.208.222
974,Dayna,Bridal,dbridalr1@wired.com,Female,84.166.5.198
975,Allene,Plumridege,aplumrideger2@dropbox.com,Female,201.95.161.131
976,Marlow,Izakof,mizakofr3@sphinn.com,Male,119.232.21.131
977,Davidde,Cutmore,dcutmorer4@mail.ru,Male,64.237.26.33
978,Tera,Harly,tharlyr5@chicagotribune.com,Female,226.113.44.44
979,Chaunce,Scoyne,cscoyner6@homestead.com,Male,10.245.167.145
980,Mei,Threadgill,mthreadgillr7@jalbum.net,Female,183.145.37.121
981,Bili,Cant,bcantr8@biglobe.ne.jp,Female,168.235.35.79
982,Packston,Simenot,psimenotr9@shop-pro.jp,Male,112.119.120.42
983,Kaitlyn,Robinet,krobinetra@disqus.com,Female,62.70.34.187
984,Jonah,Barrable,jbarrablerb@sogou.com,Male,237.92.204.67
985,Kane,Barlow,kbarlowrc@bigcartel.com,Male,30.128.239.216
986,Sherlocke,Huggon,shuggonrd@icq.com,Male,117.159.137.159
987,Merry,Babcock,mbabcockre@alexa.com,Male,113.135.163.141
988,Jori,Rawsen,jrawsenrf@phpbb.com,Female,202.24.113.86
989,Gayleen,Hinckley,ghinckleyrg@state.gov,Female,251.172.92.176
990,Othello,Bunworth,obunworthrh@google.com.au,Male,64.105.28.149
991,Myca,Main,mmainri@nifty.com,Male,170.24.56.215
992,Gwennie,Syphus,gsyphusrj@businessweek.com,Female,120.174.85.180
993,Darnell,Hedin,dhedinrk@dell.com,Male,94.63.33.178
994,Emelia,Guild,eguildrl@jigsy.com,Female,167.204.36.131
995,Inigo,Harms,iharmsrm@rakuten.co.jp,Male,95.243.42.185
996,Jamison,Walby,jwalbyrn@plala.or.jp,Male,141.59.7.124
997,Leupold,Boodell,lboodellro@google.co.jp,Male,250.125.216.96
998,Wren,Dimmock,wdimmockrp@ox.ac.uk,Female,12.58.108.71
999,Jaine,Mashal,jmashalrq@elpais.com,Female,31.18.161.195
1000,Mabel,Kirrens,mkirrensrr@amazonaws.com,Female,200.208.44.0
